Rank,Model,Zero-shot,Memory Usage,Parameters,Embedding Dimension,Max Tokens,Mean (Task),Mean (Task Type),Bitext Mining,Classification,Clustering,Instruction Retrieval,Multilabel Classification,Pair Classification,Reranking,Retrieval,STS
1,[gemini-embedding-001](https://ai.google.dev/gemini-api/docs/embeddings),99%,Unknown,Unknown,3072,2048,68.37,59.59,79.28,71.82,54.59,5.18,29.16,83.63,65.58,67.71,79.4
2,[Qwen3-Embedding-8B](https://huggingface.co/Qwen/Qwen3-Embedding-8B),99%,28866,7B,4096,32768,70.58,61.69,80.89,74,57.65,10.06,28.66,86.4,65.63,70.88,81.08
3,[Qwen3-Embedding-4B](https://huggingface.co/Qwen/Qwen3-Embedding-4B),99%,15341,4B,2560,32768,69.45,60.86,79.36,72.33,57.15,11.56,26.77,85.05,65.08,69.6,80.86
4,[Qwen3-Embedding-0.6B](https://huggingface.co/Qwen/Qwen3-Embedding-0.6B),99%,2272,595M,1024,32768,64.34,56.01,72.23,66.83,52.33,5.09,24.59,80.83,61.41,64.65,76.17
5,[gte-Qwen2-7B-instruct](https://huggingface.co/Alibaba-NLP/gte-Qwen2-7B-instruct),⚠️ NA,29040,7B,3584,32768,62.51,55.93,73.92,61.55,52.77,4.94,25.48,85.13,65.55,60.08,73.98
6,[Linq-Embed-Mistral](https://huggingface.co/Linq-AI-Research/Linq-Embed-Mistral),99%,13563,7B,4096,32768,61.47,54.14,70.34,62.24,50.6,0.94,24.77,80.43,64.37,58.69,74.86
7,[multilingual-e5-large-instruct](https://huggingface.co/intfloat/multilingual-e5-large-instruct),99%,1068,560M,1024,514,63.22,55.08,80.13,64.94,50.75,-0.4,22.91,80.86,62.61,57.12,76.81
8,[embeddinggemma-300m](https://ai.google.dev/gemma/docs/embeddinggemma/model_card),99%,578,307M,768,2048,61.15,54.31,64.4,60.9,51.17,5.61,24.82,81.4,63.25,62.49,74.73
9,[SFR-Embedding-Mistral](https://huggingface.co/Salesforce/SFR-Embedding-Mistral),96%,13563,7B,4096,32768,60.9,53.92,70,60.02,51.84,0.16,24.55,80.29,64.19,59.44,74.79
10,[GritLM-7B](https://huggingface.co/GritLM/GritLM-7B),99%,13813,7B,4096,4096,60.92,53.74,70.53,61.83,49.75,3.45,22.77,79.94,63.78,58.31,73.33
11,[text-multilingual-embedding-002](https://cloud.google.com/vertex-ai/generative-ai/docs/embeddings/get-text-embeddings),99%,Unknown,Unknown,768,2048,62.16,54.25,70.73,64.64,47.84,4.08,22.8,81.14,61.22,59.68,76.11
12,[GritLM-8x7B](https://huggingface.co/GritLM/GritLM-8x7B),99%,89079,57B,4096,4096,60.49,53.31,68.17,61.55,50.16,2.44,24.43,79.73,62.61,57.54,73.16
13,[e5-mistral-7b-instruct](https://huggingface.co/intfloat/e5-mistral-7b-instruct),99%,13563,7B,4096,32768,60.25,53.08,70.58,60.31,50.57,-0.62,22.2,81.12,63.82,55.75,74.02
14,[Cohere-embed-multilingual-v3.0](https://huggingface.co/Cohere/Cohere-embed-multilingual-v3.0),⚠️ NA,Unknown,Unknown,1024,Unknown,61.12,53.23,70.5,62.95,46.89,-1.89,22.74,79.88,64.07,59.16,74.8
15,[gte-Qwen2-1.5B-instruct](https://huggingface.co/Alibaba-NLP/gte-Qwen2-1.5B-instruct),⚠️ NA,6776,1B,8960,32768,59.45,52.69,62.51,58.32,52.05,0.74,24.02,81.58,62.58,60.78,71.61
16,[bilingual-embedding-large](https://huggingface.co/Lajavaness/bilingual-embedding-large),98%,2136,559M,1024,514,60.96,52.92,73.55,62.77,46.49,-3.04,22.36,79.83,61.42,55.1,77.81
17,[text-embedding-3-large](https://openai.com/index/new-embedding-models-and-api-updates/),⚠️ NA,Unknown,Unknown,3072,8191,58.93,51.41,62.17,60.27,46.89,-2.68,22.03,79.17,63.89,59.27,71.68
18,[SFR-Embedding-2_R](https://huggingface.co/Salesforce/SFR-Embedding-2_R),96%,13563,7B,4096,32768,59.8,52.83,68.84,59.01,53.65,-1.8,25.19,78.58,63.04,57.93,71.04
19,[stella_en_1.5B_v5](https://huggingface.co/NovaSearch/stella_en_1.5B_v5),92%,5887,1B,8960,131072,56.53,49.96,58.56,56.69,49.71,0.21,21.84,78.47,61.37,52.84,69.91
20,[jasper_en_vision_language_v1](https://huggingface.co/NovaSearch/jasper_en_vision_language_v1),92%,3802,1B,8960,131072,null,null,60.63,null,null,0.26,22.66,null,null,55.12,71.5
21,[NV-Embed-v2](https://huggingface.co/nvidia/NV-Embed-v2),92%,14975,7B,4096,32768,56.29,49.58,57.84,57.29,40.8,1.04,18.63,78.94,63.82,56.72,71.1
22,[Solon-embeddings-large-0.1](https://huggingface.co/OrdalieTech/Solon-embeddings-large-0.1),⚠️ NA,2136,559M,1024,514,59.63,52.01,76.1,60.84,43.86,-3.48,21.4,78.72,62.02,55.69,72.98
23,[bge-m3](https://huggingface.co/BAAI/bge-m3),98%,2167,568M,1024,8194,59.56,52.18,79.11,60.35,40.88,-3.11,20.1,80.76,62.79,54.6,74.12
24,[jina-embeddings-v3](https://huggingface.co/jinaai/jina-embeddings-v3),99%,1092,572M,1024,8194,58.37,50.66,65.25,58.77,45.65,-1.34,18.38,79.27,57.09,55.76,77.13
25,[KaLM-embedding-multilingual-mini-v1](https://huggingface.co/HIT-TMG/KaLM-embedding-multilingual-mini-v1),93%,1885,494M,896,512,57.05,50.05,64.77,57.57,45.61,-1.5,20.67,77.7,60.59,54.17,70.84
26,[multilingual-e5-large](https://huggingface.co/intfloat/multilingual-e5-large),99%,2136,560M,1024,514,58.55,51.34,73.81,59.43,41.7,-3.05,21.13,78.87,62.78,54.08,73.31
27,[gte-multilingual-base](https://huggingface.co/Alibaba-NLP/gte-multilingual-base),99%,582,305M,768,8192,58.24,51.44,71.79,57.17,44.33,-0.74,19.82,80.49,60.72,56.5,72.85
28,[bilingual-embedding-base](https://huggingface.co/Lajavaness/bilingual-embedding-base),98%,1061,278M,768,514,58.23,50.61,69.98,59.36,44.68,-3.84,20.68,77.44,59.41,52.96,74.84
29,[KaLM-embedding-multilingual-mini-instruct-v1](https://huggingface.co/HIT-TMG/KaLM-embedding-multilingual-mini-instruct-v1),93%,1885,494M,896,512,56.35,49.28,64.22,57.38,45.89,-2.6,21.62,77.47,58.17,50.84,70.54
30,[NV-Embed-v1](https://huggingface.co/nvidia/NV-Embed-v1),92%,29945,7B,4096,32768,54.88,48.33,48.9,57.04,42.86,3.02,18.95,76.19,64.29,53.98,69.77
31,[Cohere-embed-multilingual-light-v3.0](https://cohere.com/blog/introducing-embed-v3),⚠️ NA,Unknown,Unknown,384,512,57.58,50.28,65.03,58.51,44.79,-2.45,20.09,77,61.98,55.79,71.8
32,[bge-m3-custom-fr](https://huggingface.co/manu/bge-m3-custom-fr),98%,2166,567M,1024,8194,57.86,50.57,72.16,58.73,40.35,-2.5,19.56,78.51,60.37,53.26,74.69
33,[text-embedding-3-small](https://openai.com/index/new-embedding-models-and-api-updates/),⚠️ NA,Unknown,Unknown,1536,8191,54.26,47.44,50.32,55.16,46.09,-2.38,19.92,76.64,59.54,52.24,69.42
34,[bilingual-embedding-small](https://huggingface.co/Lajavaness/bilingual-embedding-small),98%,449,117M,384,512,57.01,49.69,69.48,58.06,43.78,-3.36,19.17,77.07,59.31,49.55,74.14
35,[snowflake-arctic-embed-l-v2.0](https://huggingface.co/Snowflake/snowflake-arctic-embed-l-v2.0),99%,2166,568M,1024,8192,57.03,49.95,64.08,57.39,42.76,-2.47,18.94,76.71,63.67,58.36,70.11
36,[multilingual-e5-base](https://huggingface.co/intfloat/multilingual-e5-base),99%,1061,278M,768,514,57.02,49.83,69.44,58.21,41.82,-2.65,20.16,77.15,60.18,52.72,71.44
37,[voyage-3-lite](https://blog.voyageai.com/2024/09/18/voyage-3/),100%,Unknown,Unknown,512,32000,null,null,60.12,57.93,44.82,-1.17,null,75.07,60.29,58.6,68.2
38,[voyage-3](https://blog.voyageai.com/2024/09/18/voyage-3/),100%,Unknown,Unknown,1024,32000,null,null,60.07,null,null,1.35,null,76.18,63.36,66.13,68.52
39,[multilingual-e5-small](https://huggingface.co/intfloat/multilingual-e5-small),99%,449,118M,384,512,55.76,49.04,69.49,56.21,40.78,-2.45,18.98,76.91,60.39,49.33,71.72
40,[gte-Qwen1.5-7B-instruct](https://huggingface.co/Alibaba-NLP/gte-Qwen1.5-7B-instruct),⚠️ NA,29449,7B,4096,32768,null,null,60.8,null,52.26,5.36,23.45,null,null,null,null
41,[snowflake-arctic-embed-m-v2.0](https://huggingface.co/Snowflake/snowflake-arctic-embed-m-v2.0),99%,1165,305M,768,8192,53.7,46.89,53.73,54.38,42.24,-3.34,17.04,74.86,61.67,54.83,66.6
42,[USER-bge-m3](https://huggingface.co/deepvk/USER-base),97%,1370,359M,1024,8194,51.64,45.28,63.38,53.19,40.05,-2.65,18.6,80.58,51.53,43.3,59.53
43,[Cohere-embed-english-v3.0](https://huggingface.co/Cohere/Cohere-embed-english-v3.0),⚠️ NA,Unknown,Unknown,1024,Unknown,48.13,41.77,31.39,50.31,42.32,-0.17,17.19,74.07,50.68,45.41,64.72
44,[Arabic-labse-Matryoshka](https://huggingface.co/Omartificial-Intelligence-Space/Arabic-labse-Matryoshka),⚠️ NA,1796,470M,768,512,53.65,47.18,70.33,55.08,39.59,-1.77,19.95,80.8,51.59,36.98,72.09
45,[granite-embedding-278m-multilingual](https://huggingface.co/ibm-granite/granite-embedding-278m-multilingual),96%,530,278M,768,512,53.74,47.22,58.48,54.09,41.41,-1.77,17.67,75.71,59.89,52.2,67.27
46,[stella_en_400M_v5](https://huggingface.co/NovaSearch/stella_en_400M_v5),92%,1660,435M,4096,8192,48.32,42.11,39.24,49.2,46.2,-0.7,18.22,74.51,46.49,42.58,63.23
47,[arabic-english-sts-matryoshka](https://huggingface.co/omarelshehy/arabic-english-sts-matryoshka),⚠️ NA,2136,559M,1024,514,52.62,45.92,60.89,56.67,40.22,1.38,19.32,83.35,48.31,31.72,71.4
48,[paraphrase-multilingual-mpnet-base-v2](https://huggingface.co/sentence-transformers/paraphrase-multilingual-mpnet-base-v2),100%,1061,278M,768,512,51.98,45.17,52.06,55.06,40.19,-1.14,16.4,81.15,53.37,39.76,69.66
49,[Arabic-all-nli-triplet-Matryoshka](https://huggingface.co/Omartificial-Intelligence-Space/Arabic-all-nli-triplet-Matryoshka),100%,1061,278M,768,514,52,45.32,55.9,54.64,38.25,-1.05,14.99,81.16,54.27,38.47,71.29
50,[speed-embedding-7b-instruct](https://huggingface.co/Haon-Chen/speed-embedding-7b-instruct),⚠️ NA,13563,7B,Unknown,32768,null,null,19.54,57.32,41.71,-0.09,null,74.82,48.85,null,65.49
51,[LaBSE](https://huggingface.co/sentence-transformers/LaBSE),100%,1796,471M,768,512,52.07,45.65,76.35,54.6,38.08,-3,20.12,75.97,50.2,33.17,65.35
52,[UAE-Large-V1](https://huggingface.co/WhereIsAI/UAE-Large-V1),100%,1278,335M,1024,512,46.09,39.61,26.84,49.66,41.87,-2.14,17.17,72.82,48.35,41.21,60.75
53,[granite-embedding-107m-multilingual](https://huggingface.co/ibm-granite/granite-embedding-107m-multilingual),96%,204,107M,384,512,51.81,45.47,54.08,52.57,40.38,-2.96,17.33,75.29,58.48,48.08,65.98
54,[mxbai-embed-large-v1](https://huggingface.co/mixedbread-ai/mxbai-embed-large-v1),100%,639,335M,1024,512,45.91,39.45,25.74,49.74,42.49,-1.95,18.1,72.56,47.6,40.3,60.46
55,[e5-large-v2](https://huggingface.co/intfloat/e5-large-v2),100%,1278,335M,1024,514,46.64,40.32,33.8,49.8,39.79,-0.99,15.85,73.92,48.76,40.06,61.87
56,[GIST-large-Embedding-v0](https://huggingface.co/avsolatorio/GIST-large-Embedding-v0),96%,1278,335M,1024,512,45.75,39.51,25.64,48.18,42.39,-1.81,17.54,72.28,47.08,40.41,63.92
57,[mmlw-e5-large](https://huggingface.co/sdadas/mmlw-e5-large),99%,2136,559M,1024,514,45.4,37.95,26.86,52.05,42.92,-3.39,17.08,73.41,39.82,33.33,59.49
58,[nomic-embed-text-v1](https://huggingface.co/nomic-ai/nomic-embed-text-v1),96%,522,Unknown,768,8192,45.68,39.12,28.37,49.39,40.81,-3.25,17.8,71.66,46.01,37.05,64.25
59,[nomic-embed-text-v1-ablated](https://huggingface.co/nomic-ai/nomic-embed-text-v1-ablated),96%,Unknown,Unknown,768,8192,45.92,39.19,28.6,49.24,40.42,-3.75,17.36,72.07,45.04,40.74,62.99
60,[e5-base-v2](https://huggingface.co/intfloat/e5-base-v2),100%,418,109M,768,512,45.98,39.33,30.95,49.46,40.1,-3.94,16.06,72.63,47.5,40.49,60.73
61,[bge-large-en-v1.5](https://huggingface.co/BAAI/bge-large-en-v1.5),99%,1242,335M,1024,512,45.08,39.06,26.65,48.02,41.42,-2.29,17.67,72.04,48.84,39,60.14
62,[e5-large](https://huggingface.co/intfloat/e5-large),100%,1278,335M,1024,512,45.59,39.2,30.56,48.16,40.62,-2.33,16.31,73.48,44.19,38.5,63.32
63,[Arabic-MiniLM-L12-v2-all-nli-triplet](https://huggingface.co/Omartificial-Intelligence-Space/Arabic-MiniLM-L12-v2-all-nli-triplet),100%,449,117M,384,512,49.69,43.12,48.68,53.1,37.63,-1.19,14.91,79.57,51.13,35.06,69.24
64,[Cohere-embed-english-light-v3.0](https://cohere.com/blog/introducing-embed-v3),⚠️ NA,Unknown,Unknown,384,512,45.85,39.48,26.1,48.89,40.4,-1.39,16.42,72.04,48.03,41.78,63.02
65,[STS-multilingual-mpnet-base-v2](https://huggingface.co/Gameselo/STS-multilingual-mpnet-base-v2),84%,1061,278M,768,514,48.52,42.38,47.63,51.02,32.38,-1.96,16.63,78.71,50.01,34.66,72.37
66,[paraphrase-multilingual-MiniLM-L12-v2](https://huggingface.co/sentence-transformers/paraphrase-multilingual-MiniLM-L12-v2),100%,449,118M,768,512,48.73,42.37,44.56,51.66,38.33,-1.31,14.93,78.99,50.97,36.61,66.58
67,[gte-large](https://huggingface.co/thenlper/gte-large),⚠️ NA,639,335M,1024,512,45.21,39.35,26.23,47.61,41.39,-1.29,17.91,71.74,48.87,38.23,63.47
68,[GIST-Embedding-v0](https://huggingface.co/avsolatorio/GIST-Embedding-v0),96%,418,109M,768,512,45,38.56,24.38,47.88,42.26,-3.35,16.71,71.7,45.64,38.45,63.41
69,[nomic-embed-text-v1-unsupervised](https://huggingface.co/nomic-ai/nomic-embed-text-v1-unsupervised),96%,Unknown,Unknown,768,8192,45.6,39.19,27.41,49,39.1,-2.15,16.38,71.7,48.18,40.66,62.43
70,[stella-base-en-v2](https://huggingface.co/infgrad/stella-base-en-v2),⚠️ NA,Unknown,Unknown,Unknown,512,44.67,38,25.09,48.64,41.51,-3.27,15.82,71.74,43.86,35.28,63.31
71,[NoInstruct-small-Embedding-v0](https://huggingface.co/avsolatorio/NoInstruct-small-Embedding-v0),⚠️ NA,127,33M,384,512,44.9,38.16,23.12,49.21,40.87,-2.53,16.9,71.73,43.59,37.81,62.7
72,[e5-base-4k](https://huggingface.co/dwzhu/e5-base-4k),100%,Unknown,Unknown,Unknown,4096,45.04,38.05,27.86,50.17,38.09,-2.92,15.71,72.93,42.47,36.78,61.38
73,[mmlw-e5-base](https://huggingface.co/sdadas/mmlw-e5-base),99%,1061,278M,768,514,44.15,36.37,23.55,52.28,42.16,-3.32,16.01,72.39,36.07,30.79,57.37
74,[bge-base-en-v1.5](https://huggingface.co/BAAI/bge-base-en-v1.5),99%,390,109M,768,512,44.52,38.14,23.67,47.99,41.41,-3.98,16.37,71.69,47.57,38.61,59.97
75,[voyage-multilingual-2](https://blog.voyageai.com/2024/06/10/voyage-multilingual-2-multilingual-embedding-model/),100%,Unknown,Unknown,1024,32000,null,null,64.5,null,null,null,null,75.8,null,null,68.58
76,[LLM2Vec-Mistral-7B-Instruct-v2-mntp-supervised](https://huggingface.co/McGill-NLP/LLM2Vec-Mistral-7B-Instruct-v2-mntp-supervised),98%,27126,7B,4096,32768,null,null,null,57.24,41.26,-0.85,null,76.8,55.46,43.07,67.87
77,[GIST-small-Embedding-v0](https://huggingface.co/avsolatorio/GIST-small-Embedding-v0),96%,127,33M,384,512,44.21,37.8,23.36,47.57,40.47,-2.75,16.79,71.54,43.25,37.22,62.71
78,[mmlw-roberta-large](https://huggingface.co/sdadas/mmlw-roberta-large),100%,1659,434M,1024,514,42.52,35.71,25.25,48.39,41.06,-3.58,16.8,73.86,35.94,31.75,51.93
79,[nomic-embed-text-v1.5](https://huggingface.co/nomic-ai/nomic-embed-text-v1.5),96%,522,137M,768,8192,44.1,37.84,27.09,48.51,39.74,-1.85,16.79,71.9,44.84,34.09,59.45
80,[potion-multilingual-128M](https://huggingface.co/minishlab/potion-multilingual-128M),97%,489,128M,256,Infinite,47.23,40.27,40.72,52.36,37.63,-2.08,15.95,71.39,47.39,37.86,61.23
81,[text2vec-base-multilingual](https://huggingface.co/shibing624/text2vec-base-chinese-paraphrase),100%,449,118M,384,256,45.87,39.48,39.5,49.82,35.33,-3.97,14.22,77.8,46.33,26.99,69.32
82,[gte-base](https://huggingface.co/thenlper/gte-base),⚠️ NA,209,109M,768,512,44.4,38.32,25.3,47.19,41.45,-2.45,16.15,71.37,46.94,35.86,63.09
83,[e5-base](https://huggingface.co/intfloat/e5-base),100%,418,109M,768,512,44.55,37.95,29.55,47.77,38.69,-3.49,16.14,71.82,41.49,37.69,61.94
84,[e5-small-v2](https://huggingface.co/intfloat/e5-small-v2),100%,127,33M,384,512,44.47,37.97,28.04,48.07,37.53,-2.85,15.14,72.13,44.44,39.38,59.87
85,[static-similarity-mrl-multilingual-v1](https://huggingface.co/sentence-transformers/static-similarity-mrl-multilingual-v1),99%,413,108M,1024,Unknown,47.24,41.38,50.62,48.6,30.67,-1.24,14.74,74.34,49.45,41.21,64.02
86,[sentence_croissant_alpha_v0.3](https://huggingface.co/manu/sentence_croissant_alpha_v0.3),97%,2441,1B,2048,2048,45.65,39.57,31.88,49.58,38.86,-1.19,15.65,72.97,51.45,37.27,59.68
87,[bge-small-en-v1.5](https://huggingface.co/BAAI/bge-small-en-v1.5),99%,127,33M,512,512,43.76,37.72,23.63,47.37,39.93,-1.86,17.01,71.56,45.89,36.26,59.73
88,[gte-small](https://huggingface.co/thenlper/gte-small),⚠️ NA,64,33M,384,512,44.1,38.02,23.94,47.28,40.28,-1.57,16.27,71.44,45.77,35.99,62.77
89,[mmlw-e5-small](https://huggingface.co/sdadas/mmlw-e5-small),99%,449,117M,384,512,43.11,35.57,21.19,50.72,40.94,-4.4,16.59,73.71,34.88,31.05,55.46
90,[sentence_croissant_alpha_v0.4](https://huggingface.co/manu/sentence_croissant_alpha_v0.4),97%,2441,1B,2048,2048,45.4,39.47,30.26,49.25,39.77,-0.08,16.06,72.54,51.37,38.35,57.75
91,[sentence_croissant_alpha_v0.2](https://huggingface.co/manu/sentence_croissant_alpha_v0.2),97%,2441,1B,2048,2048,45.44,39.34,32.22,49.88,39.81,-0.35,15.32,72.25,50.93,36.48,57.48
92,[MedEmbed-small-v0.1](https://huggingface.co/abhinand/MedEmbed-small-v0.1),97%,127,33M,384,512,43.34,37.27,22.96,47.34,40.23,-1.68,16.74,71.33,45.01,35.16,58.33
93,[granite-embedding-125m-english](https://huggingface.co/ibm-granite/granite-embedding-125m-english),96%,238,125M,768,512,44.04,38.09,26.56,46.98,40.38,-1.29,16.84,70.97,45.99,39.26,57.08
94,[e5-small](https://huggingface.co/intfloat/e5-small),100%,127,33M,384,512,43.46,37.18,28.07,46.57,36.3,-1.45,15.22,72.96,39.3,36.25,61.37
95,[mmlw-roberta-base](https://huggingface.co/sdadas/mmlw-roberta-base),100%,475,124M,768,514,41.51,34.71,23.4,47.44,40.17,-3.44,15.03,73.24,34.44,30.39,51.69
96,[voyage-large-2-instruct](https://blog.voyageai.com/2024/05/05/voyage-large-2-instruct-instruction-tuned-and-rank-1-on-mteb/),100%,Unknown,Unknown,1024,16000,null,null,46.93,null,null,null,null,77.82,null,null,70.13
97,[snowflake-arctic-embed-l](https://huggingface.co/Snowflake/snowflake-arctic-embed-l),100%,1274,335M,1024,512,43.33,37.16,22.56,47.11,39.05,-1.49,16.02,71.58,44.27,39.66,55.64
98,[Ivysaur](https://huggingface.co/Mihaiii/Ivysaur),⚠️ NA,87,22M,384,512,43.54,37.07,22.85,48.44,37.56,-2.22,15.63,71.53,44.07,34.42,61.32
99,[snowflake-arctic-embed-m-long](https://huggingface.co/Snowflake/snowflake-arctic-embed-m-long),96%,522,137M,768,2048,43.23,36.88,22.76,47.07,38.19,-1.89,16.32,71.67,41.66,39.3,56.87
100,[sgpt-bloom-7b1-msmarco](https://huggingface.co/bigscience/sgpt-bloom-7b1-msmarco),⚠️ NA,Unknown,Unknown,4096,Unknown,44.58,37.01,29.88,53.07,31.79,-3.02,13.26,72.35,43.5,35.27,57.04
101,[GIST-all-MiniLM-L6-v2](https://huggingface.co/avsolatorio/GIST-all-MiniLM-L6-v2),96%,87,22M,384,512,42.7,36.47,22.75,46.49,38.34,-1.94,15.05,71.31,41.45,33.3,61.52
102,[LaBSE-ru-turbo](https://huggingface.co/sergeyzh/LaBSE-ru-turbo),100%,490,129M,768,512,44.64,39.11,53.59,46.78,36.33,-3.52,17.9,74.25,42.81,31.8,52.06
103,[all-mpnet-base-v2](https://huggingface.co/sentence-transformers/all-mpnet-base-v2),100%,418,109M,768,384,42.33,36.07,21.19,46.83,40.03,-3.08,16.28,70.69,42.23,32.81,57.6
104,[snowflake-arctic-embed-m](https://huggingface.co/Snowflake/snowflake-arctic-embed-m),100%,415,109M,768,512,42.84,36.45,22.04,46.9,38.37,-2.34,14.85,70.88,42.76,39.33,55.25
105,[snowflake-arctic-embed-s](https://huggingface.co/Snowflake/snowflake-arctic-embed-s),100%,127,32M,384,512,42.85,36.33,22.78,46.33,36.67,-3.09,14.84,71.53,40.03,39.84,58.08
106,[all-MiniLM-L12-v2](https://huggingface.co/sentence-transformers/all-MiniLM-L12-v2),100%,127,33M,384,256,42.07,36.14,22.91,46.74,36.33,-0.75,14.59,71.43,44.33,32.5,57.2
107,[gte-micro-v4](https://huggingface.co/Mihaiii/gte-micro-v4),⚠️ NA,73,19M,384,512,41.53,34.66,20.46,47.97,35.89,-3.83,14.69,71.73,37.48,30.54,57.01
108,[snowflake-arctic-embed-m-v1.5](https://huggingface.co/Snowflake/snowflake-arctic-embed-m-v1.5),100%,415,109M,768,512,41.99,35.56,20.11,46.99,37.53,-3.42,15.78,70.47,42.37,38.69,51.51
109,[LaBSE-en-ru](https://huggingface.co/cointegrated/LaBSE-en-ru),100%,492,129M,768,512,43.16,38.03,59.29,45.54,35.29,-3.69,18.81,72.27,40.87,27.15,46.77
110,[Bulbasaur](https://huggingface.co/Mihaiii/Bulbasaur),⚠️ NA,66,17M,384,512,41.71,35.01,20.45,47.83,35.06,-3.22,14.37,71.94,39.06,29.88,59.72
111,[granite-embedding-30m-english](https://huggingface.co/ibm-granite/granite-embedding-30m-english),96%,58,30M,384,512,42.48,36.3,25.26,46.28,38.27,-2.75,15.39,70.26,42.53,36.43,55.06
112,[gemma-2b-embeddings](https://huggingface.co/Jaume/gemma-2b-embeddings),100%,9560,2B,2048,8192,37.27,29.58,4.23,54.57,39.15,0.74,16.21,67.8,33.66,13.05,36.78
113,[embedder-100p](https://huggingface.co/deepfile/embedder-100p),⚠️ NA,1061,Unknown,768,514,null,null,26.73,null,41.72,-2.76,15.5,null,38.13,null,null
114,[KartonBERT-USE-base-v1](https://huggingface.co/OrlikB/KartonBERT-USE-base-v1),⚠️ NA,396,103M,768,512,42.1,35.66,36.52,46.28,35.12,-3.66,16.4,72.85,33.37,35.42,48.61
115,[udever-bloom-7b1](https://huggingface.co/izhx/udever-bloom-7b1),100%,Unknown,Unknown,Unknown,Unknown,null,null,18.6,null,null,-1.32,null,73.3,null,null,null
116,[slx-v0.1](https://huggingface.co/brahmairesearch/slx-v0.1),⚠️ NA,87,22M,384,512,41.41,35.16,20.09,46.12,37.89,-2.84,15.05,71.23,40.28,32.51,56.08
117,[all-MiniLM-L6-v2](https://huggingface.co/sentence-transformers/all-MiniLM-L6-v2),100%,87,22M,384,256,41.39,35.12,20.09,46.2,37.47,-2.84,15.05,71.23,40.28,32.51,56.08
118,[udever-bloom-1b1](https://huggingface.co/izhx/udever-bloom-1b1),100%,Unknown,Unknown,Unknown,Unknown,null,null,20.47,null,null,-1.1,null,72.83,37.02,null,null
119,[Wartortle](https://huggingface.co/Mihaiii/Wartortle),99%,66,17M,384,512,40.82,34.59,19.75,46.55,34.59,-1.54,14.01,71.23,39.59,27.21,59.97
120,[USER-base](https://huggingface.co/deepvk/USER-base),98%,473,427M,768,512,42.18,36.95,44.81,45.67,32.97,-1.96,17.55,74.07,40.97,27.22,51.24
121,[udever-bloom-3b](https://huggingface.co/izhx/udever-bloom-3b),100%,Unknown,Unknown,Unknown,Unknown,null,null,13.79,null,null,-0.75,null,72.9,35.72,null,null
122,[ru-en-RoSBERTa](https://huggingface.co/ai-forever/ru-en-RoSBERTa),98%,1540,404M,1024,512,41.57,35.68,22.34,46.78,35.92,-3.53,16.95,71.46,45.58,32.68,52.97
123,[LLM2Vec-Mistral-7B-Instruct-v2-mntp-unsup-simcse](https://huggingface.co/McGill-NLP/LLM2Vec-Mistral-7B-Instruct-v2-mntp-unsup-simcse),100%,27126,7B,4096,32768,null,null,null,54.67,38.21,-1.09,null,72.41,44.12,30.57,58.87
124,[Venusaur](https://huggingface.co/Mihaiii/Venusaur),⚠️ NA,60,15M,384,512,39.95,33.48,19.16,47.66,32.15,-1.47,13.52,71.27,38.31,25.64,55.11
125,[snowflake-arctic-embed-xs](https://huggingface.co/Snowflake/snowflake-arctic-embed-xs),100%,86,22M,384,512,41.13,34.89,20.12,45.21,35.34,-2.36,13.35,71.04,39.69,35.23,56.43
126,[jina-embedding-b-en-v1](https://huggingface.co/jinaai/jina-embedding-b-en-v1),100%,420,110M,768,512,40.36,34.86,26.33,42.3,33.5,-4.32,14.63,71.63,40.37,35.4,53.92
127,[gte-micro](https://huggingface.co/Mihaiii/gte-micro),⚠️ NA,66,17M,384,512,39.42,33.19,19.37,45.34,34.48,-1.8,13.49,71.39,35.22,26.16,55.08
128,[German_Semantic_STS_V2](https://huggingface.co/aari1995/German_Semantic_STS_V2),⚠️ NA,1281,335M,1024,512,38.33,32.42,22.88,44.16,33.23,-2.51,15.67,71.67,31.65,21.8,53.26
129,[Squirtle](https://huggingface.co/Mihaiii/Squirtle),99%,60,15M,384,512,39.69,33.61,18.08,45.89,33.66,-1.67,13.82,70.53,39.17,24.85,58.16
130,[st-polish-kartonberta-base-alpha-v1](https://huggingface.co/OrlikB/st-polish-kartonberta-base-alpha-v1),⚠️ NA,Unknown,Unknown,768,514,38.47,32.39,20.72,43.3,36.23,-3.77,14.74,72.15,31.43,28.38,48.29
131,[rubert-tiny-turbo](https://huggingface.co/sergeyzh/rubert-tiny-turbo),99%,111,29M,312,2048,39.46,34.86,42.63,41.8,31.38,-2.28,15.89,73.2,38.92,24.4,47.79
132,[potion-base-8M](https://huggingface.co/minishlab/potion-base-8M),99%,29,7M,256,Infinite,38.56,32.76,16.11,44.5,32.39,0.24,11.63,71.08,39.08,28.63,51.2
133,[M2V_base_glove_subword](https://huggingface.co/minishlab/M2V_base_glove_subword),99%,391,103M,256,Infinite,37.71,31.9,14.98,45.52,31.11,0.95,12.13,70.92,38.53,24.12,48.81
134,[jina-embedding-s-en-v1](https://huggingface.co/jinaai/jina-embedding-s-en-v1),100%,134,35M,512,512,38.37,33.15,24.8,40.34,30.29,-3.22,12.4,71.52,37.45,32.59,52.16
135,[potion-base-4M](https://huggingface.co/minishlab/potion-base-4M),99%,14,3M,128,Infinite,37.82,32.22,14.59,43.71,32.21,0.61,11.69,70.8,38.54,27.23,50.57
136,[M2V_base_output](https://huggingface.co/minishlab/M2V_base_output),99%,29,7M,256,Infinite,37.23,31.38,14.51,44.97,29.12,-0.13,11.53,70.97,38.11,24.74,48.58
137,[rubert-base-cased-sentence](https://huggingface.co/DeepPavlov/rubert-base-cased-sentence),99%,408,107M,768,512,34.58,29.48,16.49,43.38,30.83,0.26,13.7,70.45,35.13,9.9,45.19
138,[jina-embeddings-v2-small-en](https://huggingface.co/jinaai/jina-embeddings-v2-small-en),100%,62,32M,512,8192,35.22,29.11,12.61,43.81,27.31,-0.75,11.87,70.76,27.61,13.45,55.34
139,[rubert-tiny2](https://huggingface.co/cointegrated/rubert-tiny2),99%,112,29M,312,2048,34.81,30.2,22.65,41.17,29.16,-0.09,15.27,69.6,34.58,14.35,45.13
140,[M2V_base_glove](https://huggingface.co/minishlab/M2V_base_glove),99%,391,102M,256,Infinite,35.23,29.42,14.07,42.55,30.25,-0.41,14.04,70.45,27.44,24.38,41.96
141,[rubert-tiny](https://huggingface.co/cointegrated/rubert-tiny),99%,45,11M,312,512,33.85,28.37,17.08,43.85,28.74,-0.89,13.86,67,33.18,12.09,40.44
142,[silma-embeddding-matryoshka-v0.1](https://huggingface.co/silma-ai/silma-embeddding-matryoshka-v0.1),⚠️ NA,516,135M,768,512,34.15,29.15,21.72,41.31,27.3,0.57,13.07,69.42,30.72,15.75,42.49
143,[rubert-base-cased](https://huggingface.co/DeepPavlov/rubert-base-cased),98%,4883,1B,768,512,32,26.37,14.44,44.87,30.02,0.8,12.83,62.58,32.43,7.97,31.37
144,[Arabic-mpnet-base-all-nli-triplet](https://huggingface.co/Omartificial-Intelligence-Space/Arabic-mpnet-base-all-nli-triplet),100%,418,109M,768,514,35.2,29.46,15.13,44.37,27.4,-2.84,12.31,70.72,35.84,13.12,49.12
145,[potion-base-2M](https://huggingface.co/minishlab/potion-base-2M),99%,7,2M,64,Infinite,36.27,30.97,12.19,42.25,31,0.59,11.53,70.43,37.38,23.99,49.34
146,[distilrubert-small-cased-conversational](https://huggingface.co/DeepPavlov/distilrubert-small-cased-conversational),100%,408,107M,768,512,32.97,27.43,15.53,43.81,28.12,-0.61,13.11,64.46,33.51,12.76,36.2
147,[udever-bloom-560m](https://huggingface.co/izhx/udever-bloom-560m),100%,Unknown,Unknown,Unknown,Unknown,null,null,10.07,null,null,-0.81,null,71.67,30.79,null,null
148,[cai-lunaris-text-embeddings](https://huggingface.co/consciousAI/cai-lunaris-text-embeddings),⚠️ NA,Unknown,Unknown,1024,512,36.65,30.85,13.63,43.17,31.7,-1.46,12.65,69.98,34.38,23.49,50.14
149,[deberta-v1-base](https://huggingface.co/deepvk/deberta-v1-base),98%,473,124M,768,512,32.24,26.07,13.07,45.37,29.14,-2.37,12.65,65.19,29.56,6.63,35.38
150,[Arabert-all-nli-triplet-Matryoshka](https://huggingface.co/Omartificial-Intelligence-Space/Arabert-all-nli-triplet-Matryoshka),100%,516,135M,768,512,33.11,28.18,19.05,40.86,26.42,1.07,12.11,68.76,30.14,12.74,42.51
151,[Marbert-all-nli-triplet-Matryoshka](https://huggingface.co/Omartificial-Intelligence-Space/Marbert-all-nli-triplet-Matryoshka),100%,621,162M,768,512,32.14,26.76,14.54,41.88,25.58,-0.17,11.67,68.65,28.05,9.19,41.49
152,[sbert_large_mt_nlu_ru](https://huggingface.co/ai-forever/sbert_large_mt_nlu_ru),100%,1629,427M,1024,512,31.21,26.56,13.89,40.91,27.07,-0.48,13.71,65.22,34.6,8.47,35.7
153,[sbert_large_nlu_ru](https://huggingface.co/ai-forever/sbert_large_nlu_ru),100%,1629,427M,1024,512,30.05,25.39,13.22,40.66,27.55,0.56,13.7,62.84,32.13,7.8,30.07
154,[ternary-weight-embedding](https://huggingface.co/malenia1/ternary-weight-embedding),⚠️ NA,158,98M,1024,512,31.12,26.6,12.65,39.03,23.89,0.92,12.14,64.88,32.09,10.63,43.16
155,[jina-embeddings-v2-base-en](https://huggingface.co/jinaai/jina-embeddings-v2-base-en),100%,262,137M,768,8192,28.04,24.17,0.9,34.2,21.12,-1.64,10.39,68.24,31.6,10.7,42.03
156,[SearchMap_Preview](https://huggingface.co/VPLabs/SearchMap_Preview),⚠️ NA,1660,435M,4096,8192,null,null,null,null,null,0.46,null,null,null,null,null
157,[lodestone-base-4096-v1](https://huggingface.co/Hum-Works/lodestone-base-4096-v1),100%,Unknown,Unknown,768,Unknown,null,null,null,null,null,null,null,null,null,null,null
158,[jina-embeddings-v4](https://huggingface.co/jinaai/jina-embeddings-v4),97%,7500,3B,2048,32768,null,null,null,null,null,null,null,null,null,66.44,null
159,[Seed1.5-Embedding](https://seed1-5-embedding.github.io/),91%,Unknown,Unknown,2048,32768,null,null,null,null,null,null,null,null,null,null,null
160,[QZhou-Embedding](https://huggingface.co/Kingsoft-LLM/QZhou-Embedding),91%,29070,7B,3584,8192,null,null,null,null,null,null,null,null,null,null,null
161,[Seed1.6-embedding](https://seed1-6-embedding.github.io/),91%,Unknown,Unknown,2048,32768,null,null,null,null,null,null,null,null,null,null,null
161,[KaLM-embedding-multilingual-mini-instruct-v1.5](https://huggingface.co/HIT-TMG/KaLM-embedding-multilingual-mini-instruct-v1.5),93%,1885,494M,896,512,null,null,null,null,null,null,null,null,null,null,null
163,[bge-multilingual-gemma2](https://huggingface.co/BAAI/bge-multilingual-gemma2),93%,35254,9B,3584,8192,null,null,null,null,null,null,null,null,null,null,null
164,[text-embedding-004](https://cloud.google.com/vertex-ai/generative-ai/docs/embeddings/get-text-embeddings),99%,Unknown,Unknown,768,2048,null,null,null,null,null,2.33,null,null,null,null,null
165,[LGAI-Embedding-Preview](https://huggingface.co/annamodels/LGAI-Embedding-Preview),92%,27125,7B,4096,32768,null,null,null,null,null,null,null,null,null,null,null
166,[b1ade-embed](https://huggingface.co/w601sxs/b1ade-embed),99%,1278,335M,1024,4096,null,null,null,null,null,null,null,null,null,null,null
167,[inf-retriever-v1](https://huggingface.co/infly/inf-retriever-v1),96%,13483,7B,3584,32768,null,null,null,null,null,2.63,null,null,null,66.48,null
168,[voyage-law-2](https://blog.voyageai.com/2024/04/15/domain-specific-embeddings-and-retrieval-legal-edition-voyage-law-2/),100%,Unknown,Unknown,1024,16000,null,null,null,null,null,null,null,null,null,null,null
169,[text-embedding-ada-002](https://openai.com/index/new-and-improved-embedding-model/),⚠️ NA,Unknown,Unknown,1536,8191,null,null,null,null,null,null,null,null,null,null,null
170,[text-embedding-005](https://cloud.google.com/vertex-ai/generative-ai/docs/embeddings/get-text-embeddings),99%,Unknown,Unknown,768,2048,null,null,null,null,null,null,null,null,null,null,null
171,[inf-retriever-v1-1.5b](https://huggingface.co/infly/inf-retriever-v1-1.5b),96%,2944,1B,1536,32768,null,null,null,null,null,0.09,null,null,null,62.96,null
172,[voyage-3-m-exp](https://huggingface.co/voyageai/voyage-3-m-exp),92%,Unknown,6B,2048,32000,null,null,null,null,null,null,null,null,null,null,null
173,[Conan-embedding-v2](https://huggingface.co/TencentBAC/Conan-embedding-v2),93%,Unknown,Unknown,3584,32768,null,null,null,null,null,null,null,null,null,null,null
174,[GeoEmbedding](https://huggingface.co/GeoGPT-Research-Project/GeoEmbedding),93%,27625,7B,4096,32768,null,null,null,null,null,null,null,null,null,null,null
175,[voyage-2](https://blog.voyageai.com/2023/10/29/voyage-embeddings/),100%,Unknown,Unknown,1024,4000,null,null,null,null,null,null,null,null,null,null,null
176,[voyage-code-2](https://blog.voyageai.com/2024/01/23/voyage-code-2-elevate-your-code-retrieval/),100%,Unknown,Unknown,1536,16000,null,null,null,null,null,null,null,null,null,null,null
177,[mdbr-leaf-mt](https://huggingface.co/MongoDB/mdbr-leaf-mt),100%,86,22M,1024,512,null,null,null,null,null,null,null,null,null,null,null
178,[mini-gte](https://huggingface.co/prdev/mini-gte),100%,253,66M,768,512,null,null,null,null,null,null,null,null,null,null,null
179,[SONAR](https://ai.meta.com/research/publications/sonar-sentence-level-multimodal-and-language-agnostic-representations/),100%,Unknown,Unknown,1024,512,null,null,null,null,null,null,null,null,null,null,null
180,[granite-embedding-english-r2](https://huggingface.co/ibm-granite/granite-embedding-english-r2),96%,284,149M,768,8192,null,null,null,null,null,null,null,null,null,null,null
181,[sentence-t5-xl](https://huggingface.co/sentence-transformers/sentence-t5-xl),100%,2367,3B,768,512,null,null,null,null,null,null,null,null,null,null,null
182,[sentence-t5-xxl](https://huggingface.co/sentence-transformers/sentence-t5-xxl),100%,9279,11B,768,512,null,null,null,null,null,null,null,null,null,null,null
183,[granite-embedding-small-english-r2](https://huggingface.co/ibm-granite/granite-embedding-small-english-r2),96%,91,47M,384,8192,null,null,null,null,null,null,null,null,null,null,null
184,[sentence-t5-large](https://huggingface.co/sentence-transformers/sentence-t5-large),100%,639,335M,768,512,null,null,null,null,null,null,null,null,null,null,null
185,[KaLM-embedding-multilingual-mini-instruct-v2](https://huggingface.co/HIT-TMG/KaLM-embedding-multilingual-mini-instruct-v2),93%,942,494M,896,512,null,null,null,null,null,null,null,null,null,null,null
186,[voyage-code-3](https://blog.voyageai.com/2024/12/04/voyage-code-3/),100%,Unknown,Unknown,1024,32000,null,null,null,null,null,null,null,null,null,null,null
187,[LENS-d8000](https://huggingface.co/yibinlei/LENS-d8000),94%,27125,7B,8000,32768,null,null,null,null,null,null,null,null,null,null,null
188,[LENS-d4000](https://huggingface.co/yibinlei/LENS-d4000),94%,27125,7B,4000,32768,null,null,null,null,null,null,null,null,null,null,null
189,[bge-en-icl](https://huggingface.co/BAAI/bge-en-icl),93%,27125,7B,4096,32768,null,null,null,null,null,null,null,null,null,null,null
190,[bge-large-en](https://huggingface.co/BAAI/bge-large-en),99%,1242,335M,1024,512,null,null,null,null,null,-2.37,null,null,null,null,null
191,[gme-Qwen2-VL-7B-Instruct](https://huggingface.co/Alibaba-NLP/gme-Qwen2-VL-7B-Instruct),100%,31629,8B,3584,32768,null,null,null,null,null,null,null,null,null,null,null
192,[bge-base-en](https://huggingface.co/BAAI/bge-base-en),99%,390,109M,768,512,null,null,null,null,null,-3.11,null,null,null,null,null
193,[Zeta-Alpha-E5-Mistral](https://huggingface.co/zeta-alpha-ai/Zeta-Alpha-E5-Mistral),95%,13563,7B,4096,32768,null,null,null,null,null,null,null,null,null,null,null
194,[gme-Qwen2-VL-2B-Instruct](https://huggingface.co/Alibaba-NLP/gme-Qwen2-VL-2B-Instruct),100%,8427,2B,1536,32768,null,null,null,null,null,null,null,null,null,null,null
195,[cde-small-v2](https://huggingface.co/jxm/cde-small-v1),94%,1166,306M,768,512,null,null,null,null,null,null,null,null,null,null,null
196,[sentence-t5-base](https://huggingface.co/sentence-transformers/sentence-t5-base),100%,209,110M,768,512,null,null,null,null,null,null,null,null,null,null,null
197,[mxbai-embed-2d-large-v1](https://huggingface.co/mixedbread-ai/mxbai-embed-2d-large-v1),100%,Unknown,335M,768,512,null,null,null,null,null,null,null,null,null,null,null
198,[LLM2Vec-Meta-Llama-3-8B-Instruct-mntp-supervised](https://huggingface.co/McGill-NLP/LLM2Vec-Meta-Llama-3-8B-Instruct-mntp-supervised),98%,28629,7B,4096,8192,null,null,null,null,null,null,null,null,null,null,null
199,[ember-v1](https://huggingface.co/llmrails/ember-v1),⚠️ NA,1278,335M,1024,512,null,null,null,null,null,null,null,null,null,null,null
200,[gte-modernbert-base](https://huggingface.co/Alibaba-NLP/gte-modernbert-base),99%,284,149M,768,8192,null,null,null,null,null,null,null,null,null,null,null
201,[LLM2Vec-Sheared-LLaMA-mntp-supervised](https://huggingface.co/McGill-NLP/LLM2Vec-Sheared-LLaMA-mntp-supervised),98%,27126,7B,4096,32768,null,null,null,null,null,null,null,null,null,null,null
202,[cde-small-v1](https://huggingface.co/jxm/cde-small-v1),94%,1072,281M,768,512,null,null,null,null,null,null,null,null,null,null,null
203,[voyage-large-2](https://blog.voyageai.com/2023/10/29/voyage-embeddings/),100%,Unknown,Unknown,1536,16000,null,null,null,null,null,null,null,null,null,null,null
204,[gte-base-en-v1.5](https://huggingface.co/Alibaba-NLP/gte-base-en-v1.5),⚠️ NA,Unknown,137M,768,8192,null,null,null,null,null,null,null,null,null,null,null
205,[static-retrieval-mrl-en-v1](https://huggingface.co/sentence-transformers/static-retrieval-mrl-en-v1),99%,119,31M,1024,Unknown,null,null,null,null,null,null,null,null,null,null,null
206,[Titan-text-embeddings-v2](https://huggingface.co/amazon/Titan-text-embeddings-v2),⚠️ NA,Unknown,Unknown,Unknown,Unknown,null,null,null,null,null,null,null,null,null,null,null
207,[modernbert-embed-base](https://huggingface.co/nomic-ai/modernbert-embed-base),96%,568,149M,768,8192,null,null,null,null,null,null,null,null,null,null,null
208,[voyage-finance-2](https://blog.voyageai.com/2024/06/03/domain-specific-embeddings-finance-edition-voyage-finance-2/),100%,Unknown,Unknown,1024,32000,null,null,null,null,null,null,null,null,null,null,null
209,[bge-small-en](https://huggingface.co/BAAI/bge-small-en),99%,127,33M,512,512,null,null,null,null,null,null,null,null,null,null,null
210,[Hinvec](https://huggingface.co/Sailesh97/Hinvec),96%,3715,939M,2048,2048,null,null,null,null,null,null,null,null,null,null,null
211,[multi-qa-MiniLM-L6-cos-v1](https://huggingface.co/sentence-transformers/multi-qa-MiniLM-L6-cos-v1),100%,87,22M,384,512,null,null,null,null,null,null,null,null,null,null,null
212,[gtr-t5-xxl](https://huggingface.co/sentence-transformers/gtr-t5-xxl),100%,9279,4B,768,512,null,null,null,null,null,null,null,null,null,null,null
213,[gtr-t5-xl](https://huggingface.co/sentence-transformers/gtr-t5-xl),100%,2367,1B,768,512,null,null,null,null,null,null,null,null,null,null,null
214,[LLM2Vec-Llama-2-7b-chat-hf-mntp-unsup-simcse](https://huggingface.co/McGill-NLP/LLM2Vec-Llama-2-7b-chat-hf-mntp-unsup-simcse),100%,27126,7B,4096,32768,null,null,null,null,null,null,null,null,null,null,null
215,[LLM2Vec-Meta-Llama-3-8B-Instruct-mntp-unsup-simcse](https://huggingface.co/McGill-NLP/LLM2Vec-Meta-Llama-3-8B-Instruct-mntp-unsup-simcse),100%,28629,7B,4096,8192,null,null,null,null,null,null,null,null,null,null,null
216,[gtr-t5-base](https://huggingface.co/sentence-transformers/gtr-t5-base),100%,209,110M,768,512,null,null,null,null,null,null,null,null,null,null,null
217,[gtr-t5-large](https://huggingface.co/sentence-transformers/gtr-t5-large),100%,639,335M,768,512,null,null,null,null,null,null,null,null,null,null,null
218,[LLM2Vec-Sheared-LLaMA-mntp-unsup-simcse](https://huggingface.co/McGill-NLP/LLM2Vec-Sheared-LLaMA-mntp-unsup-simcse),100%,27126,7B,4096,32768,null,null,null,null,null,null,null,null,null,null,null
219,[nb-sbert-base](https://huggingface.co/NbAiLab/nb-sbert-base),100%,197,1B,4096,75,null,null,null,null,null,null,null,null,null,null,null
220,[cadet-embed-base-v1](https://huggingface.co/manveertamber/cadet-embed-base-v1),97%,418,109M,768,512,null,null,null,null,null,null,null,null,null,null,null
221,[xlm-roberta-ua-distilled](https://github.com/panalexeu/xlm-roberta-ua-distilled/tree/main),100%,1061,278M,768,512,null,null,null,null,null,null,null,null,null,null,null
222,[Solon-embeddings-mini-beta-1.1](https://huggingface.co/OrdalieTech/Solon-embeddings-mini-beta-1.1),100%,808,210M,768,8192,null,null,null,null,null,null,null,null,null,null,null
223,[stella-large-zh-v3-1792d](https://huggingface.co/dunzhang/stella-large-zh-v3-1792d),100%,Unknown,Unknown,1792,512,null,null,null,null,null,null,null,null,null,null,null
224,[stella-base-zh-v3-1792d](https://huggingface.co/infgrad/stella-base-zh-v3-1792d),100%,Unknown,Unknown,1792,512,null,null,null,null,null,null,null,null,null,null,null
225,[MicroLlama-text-embedding](https://huggingface.co/keeeeenw/MicroLlama-text-embedding),100%,1037,272M,1024,2048,null,null,null,null,null,null,null,null,null,null,null
226,[Dmeta-embedding-zh-small](https://huggingface.co/DMetaSoul/Dmeta-embedding-zh-small/),⚠️ NA,283,74M,768,1024,null,null,null,null,null,null,null,null,null,null,null
227,[Giga-Embeddings-instruct](https://huggingface.co/ai-sage/Giga-Embeddings-instruct),⚠️ NA,12865,3B,2048,4096,null,null,null,null,null,null,null,null,null,null,null
228,[FRIDA](https://huggingface.co/ai-forever/FRIDA),84%,3141,823M,1536,512,null,null,null,null,null,null,null,null,null,null,null
229,[gte-base-zh](https://huggingface.co/thenlper/gte-base-zh),⚠️ NA,195,102M,1024,512,null,null,null,null,null,null,null,null,null,null,null
230,[bge-base-zh-v1.5](https://huggingface.co/BAAI/bge-base-zh-v1.5),100%,416,109M,768,512,null,null,null,null,null,null,null,null,null,null,null
231,[zpoint_large_embedding_zh](https://huggingface.co/iampanda/zpoint_large_embedding_zh),99%,1242,326M,1792,512,null,null,null,null,null,null,null,null,null,null,null
232,[bge-large-zh-v1.5](https://huggingface.co/BAAI/bge-large-zh-v1.5),100%,1278,335M,1024,512,null,null,null,null,null,null,null,null,null,null,null
233,[BERTA](https://huggingface.co/sergeyzh/BERTA),84%,489,128M,768,512,null,null,null,null,null,null,null,null,null,null,null
234,[xiaobu-embedding-v2](https://huggingface.co/lier007/xiaobu-embedding-v2),⚠️ NA,1242,326M,768,512,null,null,null,null,null,null,null,null,null,null,null
235,[Conan-embedding-v1](https://huggingface.co/Classical/Yinka),⚠️ NA,1242,326M,768,512,null,null,null,null,null,null,null,null,null,null,null
236,[piccolo-base-zh](https://huggingface.co/sensenova/piccolo-base-zh),⚠️ NA,Unknown,Unknown,768,512,null,null,null,null,null,null,null,null,null,null,null
237,[gte-large-zh](https://huggingface.co/thenlper/gte-large-zh),⚠️ NA,621,326M,1024,512,null,null,null,null,null,null,null,null,null,null,null
238,[m3e-base](https://huggingface.co/moka-ai/m3e-base),99%,390,102M,768,512,null,null,null,null,null,null,null,null,null,null,null
239,[MiniCPM-Embedding](https://huggingface.co/openbmb/MiniCPM-Embedding),⚠️ NA,5197,2B,2304,512,null,null,null,null,null,null,null,null,null,null,null
240,[piccolo-large-zh-v2](https://huggingface.co/sensenova/piccolo-large-zh-v2),⚠️ NA,Unknown,Unknown,1024,512,null,null,null,null,null,null,null,null,null,null,null
241,[rubert-mini-frida](https://huggingface.co/sergeyzh/rubert-mini-frida),84%,123,32M,312,2048,null,null,null,null,null,null,null,null,null,null,null
242,[text2vec-base-chinese](https://huggingface.co/shibing624/text2vec-base-chinese),100%,390,102M,768,512,null,null,null,null,null,null,null,null,null,null,null
243,[bge-m3-unsupervised](https://huggingface.co/BAAI/bge-m3-unsupervised),98%,2167,568M,1024,8192,null,null,null,null,null,null,null,null,null,null,null
244,[stella-mrl-large-zh-v3.5-1792d](https://huggingface.co/dunzhang/stella-mrl-large-zh-v3.5-1792d),100%,1242,326M,1792,512,null,null,null,null,null,null,null,null,null,null,null
244,[Yinka](https://huggingface.co/Classical/Yinka),⚠️ NA,1244,326M,1024,512,null,null,null,null,null,null,null,null,null,null,null
246,[m3e-large](https://huggingface.co/moka-ai/m3e-large),99%,Unknown,Unknown,768,512,null,null,null,null,null,null,null,null,null,null,null
247,[xiaobu-embedding](https://huggingface.co/lier007/xiaobu-embedding),⚠️ NA,1244,326M,1024,512,null,null,null,null,null,null,null,null,null,null,null
248,[gte-small-zh](https://huggingface.co/thenlper/gte-small-zh),⚠️ NA,58,30M,1024,512,null,null,null,null,null,null,null,null,null,null,null
249,[bge-small-zh-v1.5](https://huggingface.co/BAAI/bge-small-zh-v1.5),100%,91,33M,512,512,null,null,null,null,null,null,null,null,null,null,null
250,[USER2-base](https://huggingface.co/collections/deepvk/user2-6802650d7210f222ec60e05f),95%,568,149M,768,8192,null,null,null,null,null,null,null,null,null,null,null
251,[sbert-chinese-general-v1](https://huggingface.co/DMetaSoul/sbert-chinese-general-v1),99%,Unknown,Unknown,128,512,null,null,null,null,null,null,null,null,null,null,null
252,[USER2-small](https://huggingface.co/collections/deepvk/user2-6802650d7210f222ec60e05f),95%,131,34M,384,8192,null,null,null,null,null,null,null,null,null,null,null
253,[bge-large-zh](https://huggingface.co/BAAI/bge-large-zh),100%,1242,335M,1024,512,null,null,null,null,null,null,null,null,null,null,null
254,[bge-base-zh](https://huggingface.co/BAAI/bge-base-zh),100%,390,109M,768,512,null,null,null,null,null,null,null,null,null,null,null
255,[cai-stellaris-text-embeddings](https://huggingface.co/consciousAI/cai-stellaris-text-embeddings),⚠️ NA,Unknown,Unknown,768,514,null,null,null,null,null,null,null,null,null,null,null
256,[bge-small-zh](https://huggingface.co/BAAI/bge-small-zh),100%,127,33M,512,512,null,null,null,null,null,null,null,null,null,null,null
257,[Youtu-Embedding-V1](https://youtu-embedding-v1.github.io/),99%,Unknown,Unknown,2304,4096,null,null,null,null,null,null,null,null,null,null,null
258,[ritrieve_zh_v1](https://huggingface.co/richinfoai/ritrieve_zh_v1),93%,1242,326M,1792,512,null,null,null,null,null,null,null,null,null,null,null
259,flan-t5-large,100%,2987,783M,Unknown,1024,null,null,null,null,null,4.72,null,null,null,null,null
260,monot5-3b-msmarco-10k,⚠️ NA,Unknown,Unknown,Unknown,Unknown,null,null,null,null,null,2.53,null,null,null,null,null
261,[Hakim](https://huggingface.co/MCINext/Hakim),100%,475,124M,768,512,null,null,null,null,null,null,null,null,null,null,null
262,[Tooka-SBERT-V2-Large](https://huggingface.co/PartAI/Tooka-SBERT-V2-Large),⚠️ NA,1347,353M,1024,512,null,null,null,null,null,null,null,null,null,null,null
263,[Tooka-SBERT-V2-Small](https://huggingface.co/PartAI/Tooka-SBERT-V2-Small),⚠️ NA,496,122M,768,512,null,null,null,null,null,null,null,null,null,null,null
264,[Hakim-small](https://huggingface.co/MCINext/Hakim-small),100%,148,38M,512,512,null,null,null,null,null,null,null,null,null,null,null
265,[Hakim-unsup](https://huggingface.co/MCINext/Hakim-unsup),100%,475,124M,768,512,null,null,null,null,null,null,null,null,null,null,null
266,[Arabic-Triplet-Matryoshka-V2](https://huggingface.co/Omartificial-Intelligence-Space/Arabic-Triplet-Matryoshka-V2),100%,516,135M,768,768,null,null,null,null,null,null,null,null,null,null,null
267,[e5-R-mistral-7b](https://huggingface.co/BeastyZ/e5-R-mistral-7b),99%,27625,7B,4096,32768,null,null,null,null,null,null,null,null,null,null,null
268,[mdbr-leaf-ir](https://huggingface.co/MongoDB/mdbr-leaf-ir),100%,86,22M,768,512,null,null,null,null,null,null,null,null,null,null,null
268,[Tooka-SBERT](https://huggingface.co/PartAI/Tooka-SBERT),⚠️ NA,1347,353M,1024,512,null,null,null,null,null,null,null,null,null,null,null
270,[fabert](https://huggingface.co/sbunlp/fabert),100%,475,124M,768,512,null,null,null,null,null,null,null,null,null,null,null
271,flan-t5-base,100%,944,248M,768,Unknown,null,null,null,null,null,0.64,null,null,null,null,null
272,monot5-base-msmarco-10k,⚠️ NA,Unknown,Unknown,Unknown,Unknown,null,null,null,null,null,-1.74,null,null,null,null,null
273,[TookaBERT-Base](https://huggingface.co/PartAI/TookaBERT-Base),100%,469,122M,768,512,null,null,null,null,null,null,null,null,null,null,null
274,[bert-base-parsbert-uncased](https://huggingface.co/HooshvareLab/bert-base-parsbert-uncased),100%,621,162M,768,512,null,null,null,null,null,null,null,null,null,null,null
275,[bert-zwnj-wnli-mean-tokens](https://huggingface.co/m3hrdadfi/bert-zwnj-wnli-mean-tokens),100%,451,118M,768,512,null,null,null,null,null,null,null,null,null,null,null
276,[opensearch-neural-sparse-encoding-doc-v3-gte](https://huggingface.co/opensearch-project/opensearch-neural-sparse-encoding-doc-v3-gte),100%,549,137M,30522,8192,null,null,null,null,null,null,null,null,null,null,null
277,[roberta-zwnj-wnli-mean-tokens](https://huggingface.co/m3hrdadfi/roberta-zwnj-wnli-mean-tokens),100%,451,118M,768,514,null,null,null,null,null,null,null,null,null,null,null
278,[opensearch-neural-sparse-encoding-doc-v3-distill](https://huggingface.co/opensearch-project/opensearch-neural-sparse-encoding-doc-v3-distill),100%,267,66M,30522,512,null,null,null,null,null,null,null,null,null,null,null
279,[mxbai-embed-xsmall-v1](https://huggingface.co/mixedbread-ai/mxbai-embed-xsmall-v1),100%,Unknown,24M,384,512,null,null,null,null,null,null,null,null,null,null,null
280,monobert-large-msmarco,⚠️ NA,Unknown,Unknown,Unknown,Unknown,null,null,null,null,null,-3.47,null,null,null,null,null
281,[opensearch-neural-sparse-encoding-doc-v2-distill](https://huggingface.co/opensearch-project/opensearch-neural-sparse-encoding-doc-v2-distill),100%,267,66M,30522,512,null,null,null,null,null,null,null,null,null,null,null
282,[opensearch-neural-sparse-encoding-doc-v2-mini](https://huggingface.co/opensearch-project/opensearch-neural-sparse-encoding-doc-v2-mini),100%,86,22M,30522,512,null,null,null,null,null,null,null,null,null,null,null
283,[bm25s](https://github.com/xhluca/bm25s),⚠️ NA,Unknown,Unknown,Unknown,Unknown,null,null,null,null,null,null,null,null,null,null,null
284,[sentence-transformer-parsbert-fa](https://huggingface.co/myrkur/sentence-transformer-parsbert-fa),100%,621,162M,768,512,null,null,null,null,null,null,null,null,null,null,null
285,[text2vec-base-chinese-paraphrase](https://huggingface.co/shibing624/text2vec-base-chinese-paraphrase),100%,450,118M,768,512,null,null,null,null,null,null,null,null,null,null,null
286,[m3e-small](https://huggingface.co/moka-ai/m3e-small),99%,Unknown,Unknown,512,512,null,null,null,null,null,null,null,null,null,null,null
287,[pubmedbert-base-embeddings-2M](https://huggingface.co/NeuML/pubmedbert-base-embeddings-2M),100%,7,1M,64,Infinite,null,null,null,null,null,null,null,null,null,null,null
288,[pubmedbert-base-embeddings-1M](https://huggingface.co/NeuML/pubmedbert-base-embeddings-1M),100%,2,1M,64,Infinite,null,null,null,null,null,null,null,null,null,null,null
289,[pubmedbert-base-embeddings-8M](https://huggingface.co/NeuML/pubmedbert-base-embeddings-8M),100%,30,7M,256,Infinite,null,null,null,null,null,null,null,null,null,null,null
290,[Ops-MoA-Yuan-embedding-1.0](https://huggingface.co/OpenSearch-AI/Ops-MoA-Yuan-embedding-1.0),99%,2000,343M,1536,512,null,null,null,null,null,null,null,null,null,null,null
291,[ListConRanker](https://huggingface.co/ByteDance/ListConRanker),99%,1242,401M,1024,512,null,null,null,null,null,null,null,null,null,null,null
292,[Ops-MoA-Conan-embedding-v1](https://huggingface.co/OpenSearch-AI/Ops-MoA-Conan-embedding-v1),99%,2000,343M,1536,512,null,null,null,null,null,null,null,null,null,null,null
293,[voyage-3.5](https://docs.voyageai.com/docs/embeddings),100%,Unknown,Unknown,1024,32000,null,null,null,null,null,null,null,null,null,null,null
294,[Qodo-Embed-1-7B](https://huggingface.co/Qodo/Qodo-Embed-1-7B),⚠️ NA,29040,7B,3584,32768,null,null,null,null,null,null,null,null,null,null,null
295,[XYZ-embedding](https://huggingface.co/fangxq/XYZ-embedding),99%,1242,326M,768,512,null,null,null,null,null,null,null,null,null,null,null
296,[Qodo-Embed-1-1.5B](https://huggingface.co/Qodo/Qodo-Embed-1-1.5B),⚠️ NA,6776,1B,1536,32768,null,null,null,null,null,null,null,null,null,null,null
297,[pubmedbert-base-embeddings-500K](https://huggingface.co/NeuML/pubmedbert-base-embeddings-500K),100%,2,500K,64,Infinite,null,null,null,null,null,null,null,null,null,null,null
298,[Cohere-embed-v4.0](https://docs.cohere.com/docs/cohere-embed),⚠️ NA,Unknown,Unknown,1536,128000,null,null,null,null,null,null,null,null,null,null,null
299,[pubmedbert-base-embeddings-100K](https://huggingface.co/NeuML/pubmedbert-base-embeddings-100K),100%,Unknown,100K,64,Infinite,null,null,null,null,null,null,null,null,null,null,null